Text,No_Punctuations
"Hello, World! This is an example sentence.",Hello World This is an example sentence
Natural Language Processing is interesting!!!,Natural Language Processing is interesting
What's your plan for today? #AI #ML,Whats your plan for today AI ML
"Python is great; however, it requires practice.",Python is great however it requires practice
Are you ready to remove punctuations? Let's do it!,Are you ready to remove punctuations Lets do it
"Data science: It's fun, but also challenging.",Data science Its fun but also challenging
"When life gives you lemons, make lemonade!",When life gives you lemons make lemonade
Programming in Python? Sure! Why not.,Programming in Python Sure Why not
"Punctuations, like commas, periods, and exclamation marks, can be removed.",Punctuations like commas periods and exclamation marks can be removed
"Do you love NLP? If so, you'll love this project.",Do you love NLP If so youll love this project
